[{"pk": 1, "model": "profiles.profile", "fields": {"website": "http://www.davidrozas.com/", "city": "Alcorcon", "fav_cite": "\"Actions speak louder than words\"", "creation_date": "2008-12-09 09:52:16", "applications": [2, 3, 4, 5], "last_modified": "2008-12-10 05:08:10", "user": 2, "fav_number": 2, "friends": [2, 3, 7, 8]}}, {"pk": 2, "model": "profiles.profile", "fields": {"website": "http://www.bender.com/", "city": "New New York", "fav_cite": "Kiss my shiny metal ass", "creation_date": "2008-12-09 09:53:42", "applications": [3], "last_modified": "2008-12-10 05:06:52", "user": 3, "fav_number": 2, "friends": [1, 3, 8]}}, {"pk": 3, "model": "profiles.profile", "fields": {"website": "http://www.homer.com/", "city": "Springfield", "fav_cite": "Ops", "creation_date": "2008-12-09 09:54:01", "applications": [3], "last_modified": "2008-12-10 05:06:59", "user": 4, "fav_number": 2, "friends": [1, 2, 4, 8]}}, {"pk": 4, "model": "profiles.profile", "fields": {"website": "", "city": "", "fav_cite": "", "creation_date": "2008-12-23 11:48:56", "applications": [2, 3, 5, 6], "last_modified": "2008-12-23 11:48:56", "user": 5, "fav_number": 1, "friends": [3]}}, {"pk": 5, "model": "profiles.profile", "fields": {"website": "", "city": "", "fav_cite": "", "creation_date": "2008-12-26 14:21:20", "applications": [], "last_modified": "2008-12-26 14:21:20", "user": 6, "fav_number": 1, "friends": []}}, {"pk": 6, "model": "profiles.profile", "fields": {"website": "", "city": "", "fav_cite": "", "creation_date": "2008-12-26 14:25:31", "applications": [3], "last_modified": "2008-12-26 14:25:31", "user": 7, "fav_number": 2, "friends": [7]}}, {"pk": 7, "model": "profiles.profile", "fields": {"website": "", "city": "lalala", "fav_cite": "", "creation_date": "2008-12-26 14:27:07", "applications": [3], "last_modified": "2008-12-26 14:27:07", "user": 8, "fav_number": 2, "friends": [1, 6]}}, {"pk": 8, "model": "profiles.profile", "fields": {"website": "www.futurama.es", "city": "New New York", "fav_cite": "I love the future!", "creation_date": "2008-12-27 13:05:54", "applications": [3], "last_modified": "2008-12-27 13:05:54", "user": 9, "fav_number": 2, "friends": [1, 2, 3]}}, {"pk": 2, "model": "profiles.application", "fields": {"url": "http://www.davidrozas.com/", "name": "drozas-personal website"}}, {"pk": 3, "model": "profiles.application", "fields": {"url": "http://localhost:8001/favcities/profiles", "name": "Favourite cities"}}, {"pk": 4, "model": "profiles.application", "fields": {"url": "http://www.nodo50.net", "name": "Nodo50"}}, {"pk": 5, "model": "profiles.application", "fields": {"url": "http;//localhost/ajax/antipodas", "name": "Antipodas"}}, {"pk": 6, "model": "profiles.application", "fields": {"url": "http://localhost/ajax/antipodas", "name": "Antipodas-2"}}, {"pk": 25, "model": "auth.permission", "fields": {"codename": "add_logentry", "name": "Can add log entry", "content_type": 9}}, {"pk": 26, "model": "auth.permission", "fields": {"codename": "change_logentry", "name": "Can change log entry", "content_type": 9}}, {"pk": 27, "model": "auth.permission", "fields": {"codename": "delete_logentry", "name": "Can delete log entry", "content_type": 9}}, {"pk": 10, "model": "auth.permission", "fields": {"codename": "add_group", "name": "Can add group", "content_type": 4}}, {"pk": 16, "model": "auth.permission", "fields": {"codename": "add_message", "name": "Can add message", "content_type": 6}}, {"pk": 7, "model": "auth.permission", "fields": {"codename": "add_permission", "name": "Can add permission", "content_type": 3}}, {"pk": 13, "model": "auth.permission", "fields": {"codename": "add_user", "name": "Can add user", "content_type": 5}}, {"pk": 11, "model": "auth.permission", "fields": {"codename": "change_group", "name": "Can change group", "content_type": 4}}, {"pk": 17, "model": "auth.permission", "fields": {"codename": "change_message", "name": "Can change message", "content_type": 6}}, {"pk": 8, "model": "auth.permission", "fields": {"codename": "change_permission", "name": "Can change permission", "content_type": 3}}, {"pk": 14, "model": "auth.permission", "fields": {"codename": "change_user", "name": "Can change user", "content_type": 5}}, {"pk": 12, "model": "auth.permission", "fields": {"codename": "delete_group", "name": "Can delete group", "content_type": 4}}, {"pk": 18, "model": "auth.permission", "fields": {"codename": "delete_message", "name": "Can delete message", "content_type": 6}}, {"pk": 9, "model": "auth.permission", "fields": {"codename": "delete_permission", "name": "Can delete permission", "content_type": 3}}, {"pk": 15, "model": "auth.permission", "fields": {"codename": "delete_user", "name": "Can delete user", "content_type": 5}}, {"pk": 19, "model": "auth.permission", "fields": {"codename": "add_contenttype", "name": "Can add content type", "content_type": 7}}, {"pk": 20, "model": "auth.permission", "fields": {"codename": "change_contenttype", "name": "Can change content type", "content_type": 7}}, {"pk": 21, "model": "auth.permission", "fields": {"codename": "delete_contenttype", "name": "Can delete content type", "content_type": 7}}, {"pk": 4, "model": "auth.permission", "fields": {"codename": "add_application", "name": "Can add application", "content_type": 2}}, {"pk": 1, "model": "auth.permission", "fields": {"codename": "add_profile", "name": "Can add profile", "content_type": 1}}, {"pk": 5, "model": "auth.permission", "fields": {"codename": "change_application", "name": "Can change application", "content_type": 2}}, {"pk": 2, "model": "auth.permission", "fields": {"codename": "change_profile", "name": "Can change profile", "content_type": 1}}, {"pk": 6, "model": "auth.permission", "fields": {"codename": "delete_application", "name": "Can delete application", "content_type": 2}}, {"pk": 3, "model": "auth.permission", "fields": {"codename": "delete_profile", "name": "Can delete profile", "content_type": 1}}, {"pk": 22, "model": "auth.permission", "fields": {"codename": "add_session", "name": "Can add session", "content_type": 8}}, {"pk": 23, "model": "auth.permission", "fields": {"codename": "change_session", "name": "Can change session", "content_type": 8}}, {"pk": 24, "model": "auth.permission", "fields": {"codename": "delete_session", "name": "Can delete session", "content_type": 8}}, {"pk": 1, "model": "auth.user", "fields": {"username": "admin", "first_name": "", "last_name": "", "is_active": true, "is_superuser": true, "is_staff": true, "last_login": "2008-12-26 14:22:26", "groups": [], "user_permissions": [], "password": "sha1$939ae$b142b44de71b6ed66a84c77e662ad18c602548a4", "email": "admin@admin.com", "date_joined": "2008-12-09 09:51:07"}}, {"pk": 2, "model": "auth.user", "fields": {"username": "drozas", "first_name": "David", "last_name": "Rozas", "is_active": true, "is_superuser": false, "is_staff": false, "last_login": "2008-12-27 15:04:03", "groups": [], "user_permissions": [], "password": "sha1$88a01$6dd24b7dc71458e1101a603499628b5c19c322b2", "email": "d.rozas@alumnos.urjc.es", "date_joined": "2008-12-09 09:51:48"}}, {"pk": 3, "model": "auth.user", "fields": {"username": "bender", "first_name": "Bender", "last_name": "Rodriguez", "is_active": true, "is_superuser": false, "is_staff": false, "last_login": "2008-12-23 11:48:16", "groups": [], "user_permissions": [], "password": "sha1$c914c$563cb49494d497e8bfb3df6e8808398cc97039f8", "email": "bender@bender.com", "date_joined": "2008-12-09 09:52:41"}}, {"pk": 4, "model": "auth.user", "fields": {"username": "homer", "first_name": "Homer", "last_name": "Simpson", "is_active": true, "is_superuser": false, "is_staff": false, "last_login": "2008-12-21 12:56:52", "groups": [], "user_permissions": [], "password": "sha1$b1940$43dc7345613649040d0efc1e48e84f7bd6092752", "email": "homer@homer.com", "date_joined": "2008-12-09 09:52:55"}}, {"pk": 5, "model": "auth.user", "fields": {"username": "jimmy", "first_name": "Jimmy", "last_name": "Jazz", "is_active": true, "is_superuser": false, "is_staff": false, "last_login": "2008-12-23 11:49:10", "groups": [], "user_permissions": [], "password": "sha1$eb2d4$003c02cb2bbf9770bf16ab4c475f4b82d9d3d2da", "email": "jimmy@eve.com", "date_joined": "2008-12-23 11:48:56"}}, {"pk": 6, "model": "auth.user", "fields": {"username": "a", "first_name": "a", "last_name": "a", "is_active": true, "is_superuser": false, "is_staff": false, "last_login": "2008-12-26 14:21:30", "groups": [], "user_permissions": [], "password": "sha1$f73aa$a0af358032abca4c68e950aff6f093669d0419ca", "email": "", "date_joined": "2008-12-26 14:21:20"}}, {"pk": 7, "model": "auth.user", "fields": {"username": "nuevo", "first_name": "Nuevo", "last_name": "Nuevo", "is_active": true, "is_superuser": false, "is_staff": false, "last_login": "2008-12-26 14:25:37", "groups": [], "user_permissions": [], "password": "sha1$06b47$c221db5401cf011da95628d480c6b733508fe3fe", "email": "drozas@nuevo.com", "date_joined": "2008-12-26 14:25:31"}}, {"pk": 8, "model": "auth.user", "fields": {"username": "nuevo2", "first_name": "nuevo2", "last_name": "nuevo2", "is_active": true, "is_superuser": false, "is_staff": false, "last_login": "2008-12-27 12:43:35", "groups": [], "user_permissions": [], "password": "sha1$0b6d9$317c84bf010edb49fc928e35a210f53a46b33946", "email": "nuevo2@nuevo.com", "date_joined": "2008-12-26 14:27:07"}}, {"pk": 9, "model": "auth.user", "fields": {"username": "fry", "first_name": "Fry", "last_name": "Farnsworth", "is_active": true, "is_superuser": false, "is_staff": false, "last_login": "2008-12-27 13:06:01", "groups": [], "user_permissions": [], "password": "sha1$ae18b$a2fef4ce6fb2502d6132019e365f42369eded6ed", "email": "fry@fry.com", "date_joined": "2008-12-27 13:05:54"}}, {"pk": 1, "model": "auth.message", "fields": {"message": "That nick does not exit", "user": 2}}, {"pk": 2, "model": "auth.message", "fields": {"message": "That nick does not exit", "user": 2}}, {"pk": 3, "model": "auth.message", "fields": {"message": "That nick does not exit", "user": 2}}, {"pk": 4, "model": "auth.message", "fields": {"message": "That nick does not exit", "user": 2}}, {"pk": 5, "model": "auth.message", "fields": {"message": "That nick does not exit", "user": 2}}, {"pk": 6, "model": "auth.message", "fields": {"message": "That nick does not exit", "user": 2}}, {"pk": 7, "model": "auth.message", "fields": {"message": "That nick does not exit", "user": 2}}, {"pk": 8, "model": "auth.message", "fields": {"message": "That nick does not exit", "user": 2}}, {"pk": 9, "model": "auth.message", "fields": {"message": "That nick does not exit", "user": 2}}, {"pk": 10, "model": "auth.message", "fields": {"message": "That nick does not exit", "user": 2}}, {"pk": 11, "model": "auth.message", "fields": {"message": "That nick does not exit", "user": 2}}, {"pk": 12, "model": "auth.message", "fields": {"message": "That nick does not exit", "user": 2}}, {"pk": 13, "model": "auth.message", "fields": {"message": "That nick does not exit", "user": 2}}, {"pk": 14, "model": "auth.message", "fields": {"message": "That nick does not exit", "user": 2}}, {"pk": 15, "model": "auth.message", "fields": {"message": "That nick does not exit", "user": 2}}, {"pk": 16, "model": "auth.message", "fields": {"message": "That nick does not exit", "user": 2}}, {"pk": 17, "model": "auth.message", "fields": {"message": "That nick does not exit", "user": 2}}, {"pk": 18, "model": "auth.message", "fields": {"message": "That nick does not exit", "user": 2}}, {"pk": 19, "model": "auth.message", "fields": {"message": "That nick does not exit", "user": 2}}, {"pk": 20, "model": "auth.message", "fields": {"message": "That nick does not exit", "user": 2}}, {"pk": 21, "model": "auth.message", "fields": {"message": "That nick does not exit", "user": 2}}, {"pk": 22, "model": "auth.message", "fields": {"message": "That nick does not exit", "user": 2}}, {"pk": 23, "model": "auth.message", "fields": {"message": "That nick does not exit", "user": 2}}, {"pk": 24, "model": "auth.message", "fields": {"message": "That nick does not exit", "user": 2}}, {"pk": 25, "model": "auth.message", "fields": {"message": "That nick does not exit", "user": 2}}, {"pk": 26, "model": "auth.message", "fields": {"message": "That nick does not exit", "user": 2}}, {"pk": 27, "model": "auth.message", "fields": {"message": "That nick does not exit", "user": 2}}, {"pk": 28, "model": "auth.message", "fields": {"message": "That nick does not exit", "user": 2}}, {"pk": 29, "model": "auth.message", "fields": {"message": "That nick does not exit", "user": 2}}, {"pk": 30, "model": "auth.message", "fields": {"message": "That nick does not exit", "user": 2}}, {"pk": 31, "model": "auth.message", "fields": {"message": "That nick does not exit", "user": 2}}, {"pk": 32, "model": "auth.message", "fields": {"message": "That nick does not exit", "user": 2}}, {"pk": 33, "model": "auth.message", "fields": {"message": "That nick does not exit", "user": 2}}, {"pk": 2, "model": "contenttypes.contenttype", "fields": {"model": "application", "name": "application", "app_label": "profiles"}}, {"pk": 7, "model": "contenttypes.contenttype", "fields": {"model": "contenttype", "name": "content type", "app_label": "contenttypes"}}, {"pk": 4, "model": "contenttypes.contenttype", "fields": {"model": "group", "name": "group", "app_label": "auth"}}, {"pk": 9, "model": "contenttypes.contenttype", "fields": {"model": "logentry", "name": "log entry", "app_label": "admin"}}, {"pk": 6, "model": "contenttypes.contenttype", "fields": {"model": "message", "name": "message", "app_label": "auth"}}, {"pk": 3, "model": "contenttypes.contenttype", "fields": {"model": "permission", "name": "permission", "app_label": "auth"}}, {"pk": 1, "model": "contenttypes.contenttype", "fields": {"model": "profile", "name": "profile", "app_label": "profiles"}}, {"pk": 8, "model": "contenttypes.contenttype", "fields": {"model": "session", "name": "session", "app_label": "sessions"}}, {"pk": 5, "model": "contenttypes.contenttype", "fields": {"model": "user", "name": "user", "app_label": "auth"}}, {"pk": "ca01334c04f768210d475951de4a6f11", "model": "sessions.session", "fields": {"expire_date": "2008-12-23 09:56:17", "session_data": "gAJ9cQEoVRJfYXV0aF91c2VyX2JhY2tlbmRxAlUpZGphbmdvLmNvbnRyaWIuYXV0aC5iYWNrZW5k\ncy5Nb2RlbEJhY2tlbmRxA1UNX2F1dGhfdXNlcl9pZHEESwJ1LmI3ZTAwODYyOTMwMDlmN2I4OTJk\nNmNjYzBiZGQ3ZWJi\n"}}, {"pk": "e318a2ac6ab5d9fcdbdf68fcbd753d85", "model": "sessions.session", "fields": {"expire_date": "2008-12-23 10:44:06", "session_data": "gAJ9cQEoVRJfYXV0aF91c2VyX2JhY2tlbmRxAlUpZGphbmdvLmNvbnRyaWIuYXV0aC5iYWNrZW5k\ncy5Nb2RlbEJhY2tlbmRxA1UNX2F1dGhfdXNlcl9pZHEESwF1LmMzOTg1YmY1ZDY0NmY4ODgyODFk\nNjM1ZDZiMTJlYzY5\n"}}, {"pk": "51eebf8b6319b77daae6b156972ea5a3", "model": "sessions.session", "fields": {"expire_date": "2008-12-23 11:04:52", "session_data": "gAJ9cQFVCnRlc3Rjb29raWVxAlUGd29ya2VkcQNzLmNmNjc1ODhkNmFkNDYzMzQ2Yzc4OGY1MzEw\nOThmZWQ1\n"}}, {"pk": "e13015781be3e18eec8ff0881e14487e", "model": "sessions.session", "fields": {"expire_date": "2008-12-24 05:23:53", "session_data": "gAJ9cQEoVQ1fYXV0aF91c2VyX2lkcQJLAlUSX2F1dGhfdXNlcl9iYWNrZW5kcQNVKWRqYW5nby5j\nb250cmliLmF1dGguYmFja2VuZHMuTW9kZWxCYWNrZW5kcQR1LmRjNWI4MGEwNjg4N2VhMTc2ZTNh\nMWJiY2Y1YTk4M2Rk\n"}}, {"pk": "bd0807edc76d6fe595b0d4a43c9afe11", "model": "sessions.session", "fields": {"expire_date": "2009-01-01 13:39:21", "session_data": "gAJ9cQEoVRJfYXV0aF91c2VyX2JhY2tlbmRxAlUpZGphbmdvLmNvbnRyaWIuYXV0aC5iYWNrZW5k\ncy5Nb2RlbEJhY2tlbmRxA1UNX2F1dGhfdXNlcl9pZHEESwN1LmM3OTVhODIxYjE0ZDg1MTBhZDFm\nY2JhMTA3MjVjYzUx\n"}}, {"pk": "38c3289cc765ebd0db72d67da08c8b94", "model": "sessions.session", "fields": {"expire_date": "2009-01-01 19:54:24", "session_data": "gAJ9cQEoVRJfYXV0aF91c2VyX2JhY2tlbmRxAlUpZGphbmdvLmNvbnRyaWIuYXV0aC5iYWNrZW5k\ncy5Nb2RlbEJhY2tlbmRxA1UNX2F1dGhfdXNlcl9pZHEESwJ1LmI3ZTAwODYyOTMwMDlmN2I4OTJk\nNmNjYzBiZGQ3ZWJi\n"}}, {"pk": "1480661735cb3d85b92cb3b190a7dcc3", "model": "sessions.session", "fields": {"expire_date": "2009-01-04 12:58:15", "session_data": "gAJ9cQEoVRJfYXV0aF91c2VyX2JhY2tlbmRxAlUpZGphbmdvLmNvbnRyaWIuYXV0aC5iYWNrZW5k\ncy5Nb2RlbEJhY2tlbmRxA1UNX2F1dGhfdXNlcl9pZHEESwN1LmM3OTVhODIxYjE0ZDg1MTBhZDFm\nY2JhMTA3MjVjYzUx\n"}}, {"pk": "b9050ba65adb5b541238fffa566030f3", "model": "sessions.session", "fields": {"expire_date": "2009-01-06 11:15:42", "session_data": "gAJ9cQFVCnRlc3Rjb29raWVxAlUGd29ya2VkcQNzLmNmNjc1ODhkNmFkNDYzMzQ2Yzc4OGY1MzEw\nOThmZWQ1\n"}}, {"pk": "9830e03cc5d6b00d38be658dd23a87ac", "model": "sessions.session", "fields": {"expire_date": "2009-01-06 11:15:45", "session_data": "gAJ9cQFVCnRlc3Rjb29raWVxAlUGd29ya2VkcQNzLmNmNjc1ODhkNmFkNDYzMzQ2Yzc4OGY1MzEw\nOThmZWQ1\n"}}, {"pk": "057c275525cad3e0fe7bcdf28776e7a1", "model": "sessions.session", "fields": {"expire_date": "2009-01-06 11:15:45", "session_data": "gAJ9cQFVCnRlc3Rjb29raWVxAlUGd29ya2VkcQNzLmNmNjc1ODhkNmFkNDYzMzQ2Yzc4OGY1MzEw\nOThmZWQ1\n"}}, {"pk": "be048514baf55a054ed1444c4818a5cd", "model": "sessions.session", "fields": {"expire_date": "2009-01-06 11:49:10", "session_data": "gAJ9cQEoVRJfYXV0aF91c2VyX2JhY2tlbmRxAlUpZGphbmdvLmNvbnRyaWIuYXV0aC5iYWNrZW5k\ncy5Nb2RlbEJhY2tlbmRxA1UNX2F1dGhfdXNlcl9pZHEESwV1Ljk4ZWEzNGU5NWQ2ODYyNmUzZGQx\nNTVkMGE0ZjQ4NjJj\n"}}, {"pk": "b89fa18f1fc96b106243196efbac9ac9", "model": "sessions.session", "fields": {"expire_date": "2009-01-06 13:55:06", "session_data": "gAJ9cQFVCnRlc3Rjb29raWVxAlUGd29ya2VkcQNzLmNmNjc1ODhkNmFkNDYzMzQ2Yzc4OGY1MzEw\nOThmZWQ1\n"}}, {"pk": "63096b184886c433186d852e40fd312d", "model": "sessions.session", "fields": {"expire_date": "2009-01-09 10:13:10", "session_data": "gAJ9cQFVCnRlc3Rjb29raWVxAlUGd29ya2VkcQNzLmNmNjc1ODhkNmFkNDYzMzQ2Yzc4OGY1MzEw\nOThmZWQ1\n"}}, {"pk": "fd3bfa5f939cf19a9a7c8c93b1781ab5", "model": "sessions.session", "fields": {"expire_date": "2009-01-09 10:13:13", "session_data": "gAJ9cQFVCnRlc3Rjb29raWVxAlUGd29ya2VkcQNzLmNmNjc1ODhkNmFkNDYzMzQ2Yzc4OGY1MzEw\nOThmZWQ1\n"}}, {"pk": "251d1378cc2a1cbfabbf4ced8654ffb9", "model": "sessions.session", "fields": {"expire_date": "2009-01-09 10:13:13", "session_data": "gAJ9cQFVCnRlc3Rjb29raWVxAlUGd29ya2VkcQNzLmNmNjc1ODhkNmFkNDYzMzQ2Yzc4OGY1MzEw\nOThmZWQ1\n"}}, {"pk": "965a5565e6efca60a1e1b83cad8c30eb", "model": "sessions.session", "fields": {"expire_date": "2009-01-09 13:03:39", "session_data": "gAJ9cQFVCnRlc3Rjb29raWVxAlUGd29ya2VkcQNzLmNmNjc1ODhkNmFkNDYzMzQ2Yzc4OGY1MzEw\nOThmZWQ1\n"}}, {"pk": "97b571001af187655b8bf0f9e35a0786", "model": "sessions.session", "fields": {"expire_date": "2009-01-09 14:22:26", "session_data": "gAJ9cQEoVRJfYXV0aF91c2VyX2JhY2tlbmRxAlUpZGphbmdvLmNvbnRyaWIuYXV0aC5iYWNrZW5k\ncy5Nb2RlbEJhY2tlbmRxA1UNX2F1dGhfdXNlcl9pZHEESwF1LmMzOTg1YmY1ZDY0NmY4ODgyODFk\nNjM1ZDZiMTJlYzY5\n"}}, {"pk": "fafb065bf5d9959bb1f3f2e569693e33", "model": "sessions.session", "fields": {"expire_date": "2009-01-09 14:27:14", "session_data": "gAJ9cQEoVRJfYXV0aF91c2VyX2JhY2tlbmRxAlUpZGphbmdvLmNvbnRyaWIuYXV0aC5iYWNrZW5k\ncy5Nb2RlbEJhY2tlbmRxA1UNX2F1dGhfdXNlcl9pZHEESwh1LmZlYWM5ZWI3MjE0Y2JiMDM1NTg3\nZGZjOTBmNDdmOWIz\n"}}, {"pk": "1828c3fef583357f463467c2dea3b83a", "model": "sessions.session", "fields": {"expire_date": "2009-01-10 08:42:24", "session_data": "gAJ9cQFVCnRlc3Rjb29raWVxAlUGd29ya2VkcQNzLmNmNjc1ODhkNmFkNDYzMzQ2Yzc4OGY1MzEw\nOThmZWQ1\n"}}, {"pk": "cdb07c8cbaed705018195c43fa9db4fc", "model": "sessions.session", "fields": {"expire_date": "2009-01-10 08:42:28", "session_data": "gAJ9cQFVCnRlc3Rjb29raWVxAlUGd29ya2VkcQNzLmNmNjc1ODhkNmFkNDYzMzQ2Yzc4OGY1MzEw\nOThmZWQ1\n"}}, {"pk": "d94dcabfed120611eeac20385d57674a", "model": "sessions.session", "fields": {"expire_date": "2009-01-10 13:23:56", "session_data": "gAJ9cQEoVRJfYXV0aF91c2VyX2JhY2tlbmRxAlUpZGphbmdvLmNvbnRyaWIuYXV0aC5iYWNrZW5k\ncy5Nb2RlbEJhY2tlbmRxA1UNX2F1dGhfdXNlcl9pZHEESwJ1LmI3ZTAwODYyOTMwMDlmN2I4OTJk\nNmNjYzBiZGQ3ZWJi\n"}}, {"pk": "d56712474ec93a9842e7315083db01c4", "model": "sessions.session", "fields": {"expire_date": "2009-01-10 15:04:03", "session_data": "gAJ9cQEoVRJfYXV0aF91c2VyX2JhY2tlbmRxAlUpZGphbmdvLmNvbnRyaWIuYXV0aC5iYWNrZW5k\ncy5Nb2RlbEJhY2tlbmRxA1UNX2F1dGhfdXNlcl9pZHEESwJ1LmI3ZTAwODYyOTMwMDlmN2I4OTJk\nNmNjYzBiZGQ3ZWJi\n"}}, {"pk": "1a5937e3af2a91b49b81bc05e8685be1", "model": "sessions.session", "fields": {"expire_date": "2009-01-10 15:04:25", "session_data": "gAJ9cQFVCnRlc3Rjb29raWVxAlUGd29ya2VkcQNzLmNmNjc1ODhkNmFkNDYzMzQ2Yzc4OGY1MzEw\nOThmZWQ1\n"}}, {"pk": "2024ace6bfb43cadd36074c5c7ee7f8f", "model": "sessions.session", "fields": {"expire_date": "2009-01-10 15:04:28", "session_data": "gAJ9cQFVCnRlc3Rjb29raWVxAlUGd29ya2VkcQNzLmNmNjc1ODhkNmFkNDYzMzQ2Yzc4OGY1MzEw\nOThmZWQ1\n"}}, {"pk": 21, "model": "admin.logentry", "fields": {"action_flag": 3, "action_time": "2008-12-18 10:46:12", "object_repr": "Favourite Cities (http://www.davidrozas.com/)", "object_id": "None", "change_message": "", "user": 1, "content_type": 2}}, {"pk": 20, "model": "admin.logentry", "fields": {"action_flag": 1, "action_time": "2008-12-18 10:46:05", "object_repr": "Favourite Cities (http://www.davidrozas.com/)", "object_id": "3", "change_message": "", "user": 1, "content_type": 2}}, {"pk": 19, "model": "admin.logentry", "fields": {"action_flag": 2, "action_time": "2008-12-10 05:08:10", "object_repr": "David Rozas (drozas)\n Number of friends: 1", "object_id": "1", "change_message": "Changed applications.", "user": 1, "content_type": 1}}, {"pk": 18, "model": "admin.logentry", "fields": {"action_flag": 2, "action_time": "2008-12-10 05:06:59", "object_repr": "Homer Simpson (homer)\n Number of friends: 1", "object_id": "3", "change_message": "No fields changed.", "user": 1, "content_type": 1}}, {"pk": 17, "model": "admin.logentry", "fields": {"action_flag": 2, "action_time": "2008-12-10 05:06:52", "object_repr": "Bender Rodriguez (bender)\n Number of friends: 0", "object_id": "2", "change_message": "Changed applications.", "user": 1, "content_type": 1}}, {"pk": 16, "model": "admin.logentry", "fields": {"action_flag": 2, "action_time": "2008-12-10 05:06:44", "object_repr": "Homer Simpson (homer)\n Number of friends: 1", "object_id": "3", "change_message": "Changed applications.", "user": 1, "content_type": 1}}, {"pk": 15, "model": "admin.logentry", "fields": {"action_flag": 1, "action_time": "2008-12-10 03:23:35", "object_repr": "drozas-personal website (http://www.davidrozas.com/)", "object_id": "2", "change_message": "", "user": 1, "content_type": 2}}, {"pk": 14, "model": "admin.logentry", "fields": {"action_flag": 2, "action_time": "2008-12-10 03:12:40", "object_repr": "David Rozas (drozas)\n Number of friends: 1", "object_id": "1", "change_message": "Changed applications.", "user": 1, "content_type": 1}}, {"pk": 13, "model": "admin.logentry", "fields": {"action_flag": 2, "action_time": "2008-12-09 09:56:05", "object_repr": "homer", "object_id": "4", "change_message": "Changed first_name, last_name and email.", "user": 1, "content_type": 5}}, {"pk": 12, "model": "admin.logentry", "fields": {"action_flag": 2, "action_time": "2008-12-09 09:55:55", "object_repr": "drozas", "object_id": "2", "change_message": "Changed first_name, last_name and email.", "user": 1, "content_type": 5}}, {"pk": 11, "model": "admin.logentry", "fields": {"action_flag": 2, "action_time": "2008-12-09 09:55:45", "object_repr": "bender", "object_id": "3", "change_message": "Changed first_name, last_name and email.", "user": 1, "content_type": 5}}, {"pk": 10, "model": "admin.logentry", "fields": {"action_flag": 1, "action_time": "2008-12-09 09:54:01", "object_repr": "  (homer)\n Number of friends: 1", "object_id": "3", "change_message": "", "user": 1, "content_type": 1}}, {"pk": 9, "model": "admin.logentry", "fields": {"action_flag": 1, "action_time": "2008-12-09 09:53:42", "object_repr": "  (bender)\n Number of friends: 0", "object_id": "2", "change_message": "", "user": 1, "content_type": 1}}, {"pk": 8, "model": "admin.logentry", "fields": {"action_flag": 1, "action_time": "2008-12-09 09:53:16", "object_repr": "Application object", "object_id": "1", "change_message": "", "user": 1, "content_type": 2}}, {"pk": 7, "model": "admin.logentry", "fields": {"action_flag": 2, "action_time": "2008-12-09 09:52:58", "object_repr": "homer", "object_id": "4", "change_message": "No fields changed.", "user": 1, "content_type": 5}}, {"pk": 6, "model": "admin.logentry", "fields": {"action_flag": 1, "action_time": "2008-12-09 09:52:55", "object_repr": "homer", "object_id": "4", "change_message": "", "user": 1, "content_type": 5}}, {"pk": 5, "model": "admin.logentry", "fields": {"action_flag": 2, "action_time": "2008-12-09 09:52:44", "object_repr": "bender", "object_id": "3", "change_message": "No fields changed.", "user": 1, "content_type": 5}}, {"pk": 4, "model": "admin.logentry", "fields": {"action_flag": 1, "action_time": "2008-12-09 09:52:41", "object_repr": "bender", "object_id": "3", "change_message": "", "user": 1, "content_type": 5}}, {"pk": 3, "model": "admin.logentry", "fields": {"action_flag": 1, "action_time": "2008-12-09 09:52:16", "object_repr": "  (drozas)\n Number of friends: 0", "object_id": "1", "change_message": "", "user": 1, "content_type": 1}}, {"pk": 2, "model": "admin.logentry", "fields": {"action_flag": 2, "action_time": "2008-12-09 09:51:53", "object_repr": "drozas", "object_id": "2", "change_message": "No fields changed.", "user": 1, "content_type": 5}}, {"pk": 1, "model": "admin.logentry", "fields": {"action_flag": 1, "action_time": "2008-12-09 09:51:48", "object_repr": "drozas", "object_id": "2", "change_message": "", "user": 1, "content_type": 5}}]
